ID,RELIABILITY,COST,OXIM,ECG,TEMP,ABP,PATIENT_STATUS,TIME_MS
0,0,0,FALSE,TRUE,FALSE,FALSE,NORMAL STATE,1547646327670
1,0,0,FALSE,TRUE,TRUE,FALSE,NORMAL STATE,1547646329657
2,0.832302,0.369523,FALSE,TRUE,TRUE,FALSE,NORMAL STATE,1547646331043
3,0.832302,0.369523,FALSE,TRUE,TRUE,FALSE,NORMAL STATE,1547646332874
4,0.832302,0.369523,FALSE,TRUE,TRUE,FALSE,NORMAL STATE,1547646333821
5,0.832302,0.369523,FALSE,TRUE,TRUE,FALSE,NORMAL STATE,1547646334797
6,0.922193,0.524966,FALSE,TRUE,TRUE,FALSE,NORMAL STATE,1547646335806
7,0.892548,0.474104,FALSE,TRUE,TRUE,FALSE,NORMAL STATE,1547646336809
8,0.892548,0.474104,FALSE,TRUE,TRUE,FALSE,NORMAL STATE,1547646336980
9,0.892548,0.474104,FALSE,TRUE,TRUE,FALSE,NORMAL STATE,1547646337974
10,0.892548,0.474104,FALSE,TRUE,TRUE,FALSE,NORMAL STATE,1547646338969
11,0.892548,0.474104,FALSE,TRUE,TRUE,FALSE,NORMAL STATE,1547646339980
12,0.892548,0.474104,FALSE,TRUE,TRUE,FALSE,NORMAL STATE,1547646340985
13,0.892548,0.474104,FALSE,TRUE,TRUE,FALSE,NORMAL STATE,1547646341978
14,0.892548,0.474104,FALSE,TRUE,TRUE,FALSE,NORMAL STATE,1547646342979
15,0.892548,0.474104,FALSE,TRUE,TRUE,FALSE,NORMAL STATE,1547646343976
16,0.892548,0.474104,FALSE,TRUE,TRUE,FALSE,NORMAL STATE,1547646344969
17,0.892548,0.474104,FALSE,TRUE,TRUE,FALSE,NORMAL STATE,1547646345977
18,0.892548,0.474104,FALSE,TRUE,TRUE,FALSE,NORMAL STATE,1547646346977
19,0.892548,0.474104,FALSE,TRUE,TRUE,FALSE,NORMAL STATE,1547646347975
20,0.892548,0.474104,FALSE,TRUE,TRUE,FALSE,NORMAL STATE,1547646348978
21,0.892548,0.474104,FALSE,TRUE,TRUE,FALSE,NORMAL STATE,1547646349973
22,0.892548,0.474104,FALSE,TRUE,TRUE,FALSE,NORMAL STATE,1547646350976
23,0.892548,0.474104,FALSE,TRUE,TRUE,FALSE,NORMAL STATE,1547646351979
24,0.892548,0.474104,FALSE,TRUE,TRUE,FALSE,NORMAL STATE,1547646352967
25,0.892548,0.474104,FALSE,TRUE,TRUE,FALSE,NORMAL STATE,1547646353965
26,0.892548,0.474104,FALSE,TRUE,TRUE,FALSE,NORMAL STATE,1547646354978
27,0.892548,0.474104,FALSE,TRUE,TRUE,FALSE,NORMAL STATE,1547646355964
28,0.892548,0.474104,FALSE,TRUE,TRUE,FALSE,NORMAL STATE,1547646356973
29,0.892548,0.474104,FALSE,TRUE,TRUE,FALSE,NORMAL STATE,1547646357967
30,0.892548,0.474104,FALSE,TRUE,TRUE,FALSE,NORMAL STATE,1547646358986
31,0.892548,0.474104,FALSE,TRUE,TRUE,FALSE,CRITICAL STATE,1547646359969
32,0.892548,0.474104,FALSE,TRUE,TRUE,FALSE,CRITICAL STATE,1547646360974
33,0.892548,0.474104,FALSE,TRUE,TRUE,FALSE,CRITICAL STATE,1547646361976
34,0.892548,0.474104,FALSE,TRUE,TRUE,FALSE,CRITICAL STATE,1547646362976
35,0.892548,0.474104,FALSE,TRUE,TRUE,FALSE,CRITICAL STATE,1547646363976
36,0.892548,0.474104,FALSE,TRUE,TRUE,FALSE,CRITICAL STATE,1547646364973
37,0.892548,0.474104,FALSE,TRUE,TRUE,FALSE,CRITICAL STATE,1547646365966
38,0.892548,0.474104,FALSE,TRUE,TRUE,FALSE,CRITICAL STATE,1547646366955
39,0.892548,0.474104,FALSE,TRUE,TRUE,FALSE,CRITICAL STATE,1547646367971
40,0.892548,0.474104,FALSE,TRUE,TRUE,FALSE,CRITICAL STATE,1547646368973
41,0.892548,0.474104,FALSE,TRUE,TRUE,FALSE,CRITICAL STATE,1547646369978
42,0.892548,0.474104,FALSE,TRUE,TRUE,FALSE,CRITICAL STATE,1547646370976
43,0.892548,0.474104,FALSE,TRUE,TRUE,FALSE,CRITICAL STATE,1547646371971
44,0.892548,0.474104,FALSE,TRUE,TRUE,FALSE,CRITICAL STATE,1547646372976
45,0.892548,0.474104,FALSE,TRUE,TRUE,FALSE,CRITICAL STATE,1547646373974
46,0.892548,0.474104,FALSE,TRUE,TRUE,FALSE,CRITICAL STATE,1547646374976
47,0.892548,0.474104,FALSE,TRUE,TRUE,FALSE,NORMAL STATE,1547646375967
48,0.892548,0.474104,FALSE,TRUE,TRUE,FALSE,NORMAL STATE,1547646376976
49,0.892548,0.474104,FALSE,TRUE,TRUE,FALSE,NORMAL STATE,1547646377972
50,0.892548,0.474104,FALSE,TRUE,TRUE,FALSE,NORMAL STATE,1547646378975
51,0.892548,0.474104,FALSE,TRUE,TRUE,FALSE,NORMAL STATE,1547646379979
52,0.892548,0.474104,FALSE,TRUE,TRUE,FALSE,NORMAL STATE,1547646380970
53,0.892548,0.474104,FALSE,TRUE,TRUE,FALSE,NORMAL STATE,1547646381977
54,0.892548,0.474104,FALSE,TRUE,TRUE,FALSE,NORMAL STATE,1547646382979
55,0.892548,0.474104,FALSE,TRUE,TRUE,FALSE,NORMAL STATE,1547646383980
56,0.892548,0.474104,FALSE,TRUE,TRUE,FALSE,NORMAL STATE,1547646384985
57,0.892548,0.474104,FALSE,TRUE,TRUE,FALSE,NORMAL STATE,1547646385982
58,0.892548,0.474104,FALSE,TRUE,TRUE,FALSE,NORMAL STATE,1547646386977
59,0.892548,0.474104,FALSE,TRUE,TRUE,FALSE,CRITICAL STATE,1547646387978
60,0.892548,0.474104,FALSE,TRUE,TRUE,FALSE,CRITICAL STATE,1547646388972
61,0.892548,0.474104,FALSE,TRUE,TRUE,FALSE,NORMAL STATE,1547646389967
62,0.892548,0.474104,FALSE,TRUE,TRUE,FALSE,NORMAL STATE,1547646390979
63,0.892548,0.474104,FALSE,TRUE,TRUE,FALSE,NORMAL STATE,1547646391996
64,0.892548,0.474104,FALSE,TRUE,TRUE,FALSE,CRITICAL STATE,1547646392972
65,0.892548,0.474104,FALSE,TRUE,TRUE,FALSE,CRITICAL STATE,1547646393973
66,0.892548,0.474104,FALSE,TRUE,TRUE,FALSE,CRITICAL STATE,1547646394968
67,0.892548,0.474104,FALSE,TRUE,TRUE,FALSE,CRITICAL STATE,1547646395979
68,0.892548,0.474104,FALSE,TRUE,TRUE,FALSE,CRITICAL STATE,1547646396975
69,0.892548,0.474104,FALSE,TRUE,TRUE,FALSE,CRITICAL STATE,1547646397967
70,0.892548,0.474104,FALSE,TRUE,TRUE,FALSE,CRITICAL STATE,1547646398979
71,0.892548,0.474104,FALSE,TRUE,TRUE,FALSE,CRITICAL STATE,1547646399972
72,0.892548,0.474104,FALSE,TRUE,TRUE,FALSE,CRITICAL STATE,1547646400977
73,0.892548,0.474104,FALSE,TRUE,TRUE,FALSE,CRITICAL STATE,1547646401983
74,0.892548,0.474104,FALSE,TRUE,TRUE,FALSE,CRITICAL STATE,1547646402984
75,0.892548,0.474104,FALSE,TRUE,TRUE,FALSE,CRITICAL STATE,1547646403980
76,0.892548,0.474104,FALSE,TRUE,TRUE,FALSE,CRITICAL STATE,1547646404979
77,0.892548,0.474104,FALSE,TRUE,TRUE,FALSE,CRITICAL STATE,1547646405970
78,0.892548,0.474104,FALSE,TRUE,TRUE,FALSE,CRITICAL STATE,1547646406965
79,0.892548,0.474104,FALSE,TRUE,TRUE,FALSE,CRITICAL STATE,1547646407974
80,0.892548,0.474104,FALSE,TRUE,TRUE,FALSE,CRITICAL STATE,1547646408979
81,0.892548,0.474104,FALSE,TRUE,TRUE,FALSE,CRITICAL STATE,1547646409975
82,0.892548,0.474104,FALSE,TRUE,TRUE,FALSE,CRITICAL STATE,1547646410973
83,0.892548,0.474104,FALSE,TRUE,TRUE,FALSE,CRITICAL STATE,1547646411972
84,0.892548,0.474104,FALSE,TRUE,TRUE,FALSE,CRITICAL STATE,1547646412973
85,0.892548,0.474104,FALSE,TRUE,TRUE,FALSE,CRITICAL STATE,1547646413980
86,0.892548,0.474104,FALSE,TRUE,TRUE,FALSE,CRITICAL STATE,1547646414978
87,0.892548,0.474104,FALSE,TRUE,TRUE,FALSE,CRITICAL STATE,1547646415975
88,0.892548,0.474104,FALSE,TRUE,TRUE,FALSE,CRITICAL STATE,1547646416965
89,0.892548,0.474104,FALSE,TRUE,TRUE,FALSE,CRITICAL STATE,1547646417978
90,0.892548,0.474104,FALSE,TRUE,TRUE,FALSE,CRITICAL STATE,1547646418980
91,0.892548,0.474104,FALSE,TRUE,TRUE,FALSE,CRITICAL STATE,1547646419974
92,0.892548,0.474104,FALSE,TRUE,TRUE,FALSE,CRITICAL STATE,1547646420968
93,0.892548,0.474104,FALSE,TRUE,TRUE,FALSE,CRITICAL STATE,1547646421967
94,0.892548,0.474104,FALSE,TRUE,TRUE,FALSE,CRITICAL STATE,1547646422977
95,0.892548,0.474104,FALSE,TRUE,TRUE,FALSE,CRITICAL STATE,1547646423978
96,0.892548,0.474104,FALSE,TRUE,TRUE,FALSE,CRITICAL STATE,1547646424984
97,0.892548,0.474104,FALSE,TRUE,TRUE,FALSE,NORMAL STATE,1547646425982
98,0.892548,0.474104,FALSE,TRUE,TRUE,FALSE,NORMAL STATE,1547646426966
99,0.892548,0.474104,FALSE,TRUE,TRUE,FALSE,NORMAL STATE,1547646427963
100,0.892548,0.474104,FALSE,TRUE,TRUE,FALSE,NORMAL STATE,1547646428981
101,0.892548,0.474104,FALSE,TRUE,TRUE,FALSE,NORMAL STATE,1547646429980
102,0.892548,0.474104,FALSE,TRUE,TRUE,FALSE,CRITICAL STATE,1547646430973
103,0.892548,0.474104,FALSE,TRUE,TRUE,FALSE,CRITICAL STATE,1547646431974
104,0.892548,0.474104,FALSE,TRUE,TRUE,FALSE,CRITICAL STATE,1547646432977
105,0.892548,0.474104,FALSE,TRUE,TRUE,FALSE,CRITICAL STATE,1547646433976
106,0.892548,0.474104,FALSE,TRUE,TRUE,FALSE,CRITICAL STATE,1547646434980
107,0.892548,0.474104,FALSE,TRUE,TRUE,FALSE,CRITICAL STATE,1547646435973
108,0.892548,0.474104,FALSE,TRUE,TRUE,FALSE,CRITICAL STATE,1547646436962
109,0.892548,0.474104,FALSE,TRUE,TRUE,FALSE,CRITICAL STATE,1547646437964
110,0.892548,0.474104,FALSE,TRUE,TRUE,FALSE,NORMAL STATE,1547646438980
111,0.892548,0.474104,FALSE,TRUE,TRUE,FALSE,NORMAL STATE,1547646439980
112,0.892548,0.474104,FALSE,TRUE,TRUE,FALSE,NORMAL STATE,1547646440975
113,0.892548,0.474104,FALSE,TRUE,TRUE,FALSE,NORMAL STATE,1547646441972
114,0.892548,0.474104,FALSE,TRUE,TRUE,FALSE,NORMAL STATE,1547646442973
115,0.892548,0.474104,FALSE,TRUE,TRUE,FALSE,NORMAL STATE,1547646443976
116,0.892548,0.474104,FALSE,TRUE,TRUE,FALSE,NORMAL STATE,1547646444982
117,0.892548,0.474104,FALSE,TRUE,TRUE,FALSE,NORMAL STATE,1547646445977
118,0.892548,0.474104,FALSE,TRUE,TRUE,FALSE,NORMAL STATE,1547646446974
119,0.892548,0.474104,FALSE,TRUE,TRUE,FALSE,NORMAL STATE,1547646447978
120,0.892548,0.474104,FALSE,TRUE,TRUE,FALSE,NORMAL STATE,1547646448977
121,0.892548,0.474104,FALSE,TRUE,TRUE,FALSE,CRITICAL STATE,1547646449974
122,0.892548,0.474104,FALSE,TRUE,TRUE,FALSE,CRITICAL STATE,1547646450984
123,0.892548,0.474104,FALSE,TRUE,TRUE,FALSE,CRITICAL STATE,1547646451980
124,0.892548,0.474104,FALSE,TRUE,TRUE,FALSE,CRITICAL STATE,1547646452978
125,0.892548,0.474104,FALSE,TRUE,TRUE,FALSE,CRITICAL STATE,1547646453978
126,0.892548,0.474104,FALSE,TRUE,TRUE,FALSE,CRITICAL STATE,1547646454980
127,0.892548,0.474104,FALSE,TRUE,TRUE,FALSE,CRITICAL STATE,1547646455977
128,0.892548,0.474104,FALSE,TRUE,TRUE,FALSE,CRITICAL STATE,1547646456973
129,0.892548,0.474104,FALSE,TRUE,TRUE,FALSE,NORMAL STATE,1547646457972
130,0.892548,0.474104,FALSE,TRUE,TRUE,FALSE,NORMAL STATE,1547646458971
131,0.892548,0.474104,FALSE,TRUE,TRUE,FALSE,NORMAL STATE,1547646459969
132,0.892548,0.474104,FALSE,TRUE,TRUE,FALSE,NORMAL STATE,1547646460980
133,0.892548,0.474104,FALSE,TRUE,TRUE,FALSE,NORMAL STATE,1547646461978
134,0.892548,0.474104,FALSE,TRUE,TRUE,FALSE,NORMAL STATE,1547646462973
135,0.892548,0.474104,FALSE,TRUE,TRUE,FALSE,NORMAL STATE,1547646463974
136,0.892548,0.474104,FALSE,TRUE,TRUE,FALSE,CRITICAL STATE,1547646464976
137,0.892548,0.474104,FALSE,TRUE,TRUE,FALSE,CRITICAL STATE,1547646465969
138,0.892548,0.474104,FALSE,TRUE,TRUE,FALSE,CRITICAL STATE,1547646466957
139,0.892548,0.474104,FALSE,TRUE,TRUE,FALSE,CRITICAL STATE,1547646467976
140,0.892548,0.474104,FALSE,TRUE,TRUE,FALSE,CRITICAL STATE,1547646468982
141,0.892548,0.474104,FALSE,TRUE,TRUE,FALSE,CRITICAL STATE,1547646469975
142,0.892548,0.474104,FALSE,TRUE,TRUE,FALSE,CRITICAL STATE,1547646470972
143,0.892548,0.474104,FALSE,TRUE,TRUE,FALSE,CRITICAL STATE,1547646471973
144,0.892548,0.474104,FALSE,TRUE,TRUE,FALSE,CRITICAL STATE,1547646472972
145,0.892548,0.474104,FALSE,TRUE,TRUE,FALSE,CRITICAL STATE,1547646473975
146,0.892548,0.474104,FALSE,TRUE,TRUE,FALSE,CRITICAL STATE,1547646474964
147,0.892548,0.474104,FALSE,TRUE,TRUE,FALSE,CRITICAL STATE,1547646475971
148,0.892548,0.474104,FALSE,TRUE,TRUE,FALSE,CRITICAL STATE,1547646476974
149,0.892548,0.474104,FALSE,TRUE,TRUE,FALSE,CRITICAL STATE,1547646477969
150,0.892548,0.474104,FALSE,TRUE,TRUE,FALSE,CRITICAL STATE,1547646478972
151,0.892548,0.474104,FALSE,TRUE,TRUE,FALSE,CRITICAL STATE,1547646479983
152,0.892548,0.474104,FALSE,TRUE,TRUE,FALSE,CRITICAL STATE,1547646480977
153,0.892548,0.474104,FALSE,TRUE,TRUE,FALSE,NORMAL STATE,1547646481968
154,0.892548,0.474104,FALSE,TRUE,TRUE,FALSE,NORMAL STATE,1547646482973
155,0.892548,0.474104,FALSE,TRUE,TRUE,FALSE,NORMAL STATE,1547646483973
156,0.892548,0.474104,FALSE,TRUE,TRUE,FALSE,NORMAL STATE,1547646484971
157,0.892548,0.474104,FALSE,TRUE,TRUE,FALSE,NORMAL STATE,1547646485977
158,0.892548,0.474104,FALSE,TRUE,TRUE,FALSE,NORMAL STATE,1547646486975
159,0.892548,0.474104,FALSE,TRUE,TRUE,FALSE,CRITICAL STATE,1547646487970
160,0.892548,0.474104,FALSE,TRUE,TRUE,FALSE,CRITICAL STATE,1547646488982
161,0.892548,0.474104,FALSE,TRUE,TRUE,FALSE,CRITICAL STATE,1547646489973
162,0.892548,0.474104,FALSE,TRUE,TRUE,FALSE,CRITICAL STATE,1547646490968
163,0.892548,0.474104,FALSE,TRUE,TRUE,FALSE,CRITICAL STATE,1547646491964
164,0.892548,0.474104,FALSE,TRUE,TRUE,FALSE,CRITICAL STATE,1547646492964
165,0.892548,0.474104,FALSE,TRUE,TRUE,FALSE,CRITICAL STATE,1547646493975
166,0.892548,0.474104,FALSE,TRUE,TRUE,FALSE,CRITICAL STATE,1547646494973
167,0.892548,0.474104,FALSE,TRUE,TRUE,FALSE,CRITICAL STATE,1547646495973
168,0.892548,0.474104,FALSE,TRUE,TRUE,FALSE,CRITICAL STATE,1547646496983
169,0.892548,0.474104,FALSE,TRUE,TRUE,FALSE,CRITICAL STATE,1547646497982
170,0.892548,0.474104,FALSE,TRUE,TRUE,FALSE,CRITICAL STATE,1547646498978
171,0.892548,0.474104,FALSE,TRUE,TRUE,FALSE,CRITICAL STATE,1547646499979
172,0.892548,0.474104,FALSE,TRUE,TRUE,FALSE,CRITICAL STATE,1547646500981
173,0.892548,0.474104,FALSE,TRUE,TRUE,FALSE,CRITICAL STATE,1547646501979
174,0.892548,0.474104,FALSE,TRUE,TRUE,FALSE,CRITICAL STATE,1547646502974
175,0.892548,0.474104,FALSE,TRUE,TRUE,FALSE,CRITICAL STATE,1547646503967
176,0.892548,0.474104,FALSE,TRUE,TRUE,FALSE,CRITICAL STATE,1547646504976
177,0.892548,0.474104,FALSE,TRUE,TRUE,FALSE,CRITICAL STATE,1547646505976
178,0.892548,0.474104,FALSE,TRUE,TRUE,FALSE,CRITICAL STATE,1547646506972
179,0.892548,0.474104,FALSE,TRUE,TRUE,FALSE,CRITICAL STATE,1547646507980
180,0.892548,0.474104,FALSE,TRUE,TRUE,FALSE,CRITICAL STATE,1547646508980
181,0.892548,0.474104,FALSE,TRUE,TRUE,FALSE,CRITICAL STATE,1547646509978
182,0.892548,0.474104,FALSE,TRUE,TRUE,FALSE,CRITICAL STATE,1547646510981
183,0.892548,0.474104,FALSE,TRUE,TRUE,FALSE,CRITICAL STATE,1547646511980
184,0.892548,0.474104,FALSE,TRUE,TRUE,FALSE,CRITICAL STATE,1547646512975
185,0.892548,0.474104,FALSE,TRUE,TRUE,FALSE,CRITICAL STATE,1547646513976
186,0.892548,0.474104,FALSE,TRUE,TRUE,FALSE,CRITICAL STATE,1547646514968
187,0.892548,0.474104,FALSE,TRUE,TRUE,FALSE,CRITICAL STATE,1547646515963
188,0.892548,0.474104,FALSE,TRUE,TRUE,FALSE,CRITICAL STATE,1547646516962
189,0.892548,0.474104,FALSE,TRUE,TRUE,FALSE,CRITICAL STATE,1547646517976
190,0.892548,0.474104,FALSE,TRUE,TRUE,FALSE,CRITICAL STATE,1547646518982
191,0.892548,0.474104,FALSE,TRUE,TRUE,FALSE,CRITICAL STATE,1547646519982
192,0.892548,0.474104,FALSE,TRUE,TRUE,FALSE,CRITICAL STATE,1547646520977
193,0.892548,0.474104,FALSE,TRUE,TRUE,FALSE,CRITICAL STATE,1547646521975
194,0.892548,0.474104,FALSE,TRUE,TRUE,FALSE,NORMAL STATE,1547646522981
195,0.892548,0.474104,FALSE,TRUE,TRUE,FALSE,NORMAL STATE,1547646523984
196,0.892548,0.474104,FALSE,TRUE,TRUE,FALSE,NORMAL STATE,1547646524983
197,0.892548,0.474104,FALSE,TRUE,TRUE,FALSE,NORMAL STATE,1547646525980
198,0.892548,0.474104,FALSE,TRUE,TRUE,FALSE,NORMAL STATE,1547646526979
199,0.892548,0.474104,FALSE,TRUE,TRUE,FALSE,NORMAL STATE,1547646527975
200,0.892548,0.474104,FALSE,TRUE,TRUE,FALSE,NORMAL STATE,1547646528978
201,0.892548,0.474104,FALSE,TRUE,TRUE,FALSE,NORMAL STATE,1547646529975
202,0.892548,0.474104,FALSE,TRUE,TRUE,FALSE,NORMAL STATE,1547646530978
203,0.892548,0.474104,FALSE,TRUE,TRUE,FALSE,NORMAL STATE,1547646531976
204,0.892548,0.474104,FALSE,TRUE,TRUE,FALSE,NORMAL STATE,1547646532975
205,0.892548,0.474104,FALSE,TRUE,TRUE,FALSE,NORMAL STATE,1547646533969
206,0.892548,0.474104,FALSE,TRUE,TRUE,FALSE,NORMAL STATE,1547646534971
207,0.892548,0.474104,FALSE,TRUE,TRUE,FALSE,NORMAL STATE,1547646535969
208,0.892548,0.474104,FALSE,TRUE,TRUE,FALSE,NORMAL STATE,1547646536975
209,0.892548,0.474104,FALSE,TRUE,TRUE,FALSE,NORMAL STATE,1547646537982
210,0.892548,0.474104,FALSE,TRUE,TRUE,FALSE,NORMAL STATE,1547646538977
211,0.892548,0.474104,FALSE,TRUE,TRUE,FALSE,NORMAL STATE,1547646539966
212,0.892548,0.474104,FALSE,TRUE,TRUE,FALSE,NORMAL STATE,1547646540961
213,0.892548,0.474104,FALSE,TRUE,TRUE,FALSE,NORMAL STATE,1547646541955
214,0.892548,0.474104,FALSE,TRUE,TRUE,FALSE,NORMAL STATE,1547646542964
215,0.892548,0.474104,FALSE,TRUE,TRUE,FALSE,NORMAL STATE,1547646543976
216,0.892548,0.474104,FALSE,TRUE,TRUE,FALSE,NORMAL STATE,1547646544975
217,0.892548,0.474104,FALSE,TRUE,TRUE,FALSE,NORMAL STATE,1547646545980
218,0.892548,0.474104,FALSE,TRUE,TRUE,FALSE,NORMAL STATE,1547646546974
219,0.892548,0.474104,FALSE,TRUE,TRUE,FALSE,CRITICAL STATE,1547646547981
220,0.892548,0.474104,FALSE,TRUE,TRUE,FALSE,CRITICAL STATE,1547646548974
221,0.892548,0.474104,FALSE,TRUE,TRUE,FALSE,CRITICAL STATE,1547646549978
222,0.892548,0.474104,FALSE,TRUE,TRUE,FALSE,CRITICAL STATE,1547646550974
223,0.892548,0.474104,FALSE,TRUE,TRUE,FALSE,CRITICAL STATE,1547646551967
224,0.892548,0.474104,FALSE,TRUE,TRUE,FALSE,CRITICAL STATE,1547646552970
225,0.892548,0.474104,FALSE,TRUE,TRUE,FALSE,CRITICAL STATE,1547646553971
226,0.892548,0.474104,FALSE,TRUE,TRUE,FALSE,CRITICAL STATE,1547646554976
227,0.892548,0.474104,FALSE,TRUE,TRUE,FALSE,CRITICAL STATE,1547646555962
228,0.892548,0.474104,FALSE,TRUE,TRUE,FALSE,CRITICAL STATE,1547646556970
229,0.892548,0.474104,FALSE,TRUE,TRUE,FALSE,CRITICAL STATE,1547646557971
230,0.892548,0.474104,FALSE,TRUE,TRUE,FALSE,CRITICAL STATE,1547646558965
231,0.892548,0.474104,FALSE,TRUE,TRUE,FALSE,CRITICAL STATE,1547646559961
232,0.892548,0.474104,FALSE,TRUE,TRUE,FALSE,CRITICAL STATE,1547646560963
233,0.892548,0.474104,FALSE,TRUE,TRUE,FALSE,CRITICAL STATE,1547646561969
234,0.892548,0.474104,FALSE,TRUE,TRUE,FALSE,CRITICAL STATE,1547646562969
235,0.892548,0.474104,FALSE,TRUE,TRUE,FALSE,CRITICAL STATE,1547646563968
236,0.892548,0.474104,FALSE,TRUE,TRUE,FALSE,CRITICAL STATE,1547646564974
237,0.892548,0.474104,FALSE,TRUE,TRUE,FALSE,CRITICAL STATE,1547646565961
238,0.892548,0.474104,FALSE,TRUE,TRUE,FALSE,CRITICAL STATE,1547646566964
239,0.892548,0.474104,FALSE,TRUE,TRUE,FALSE,CRITICAL STATE,1547646567968
240,0.892548,0.474104,FALSE,TRUE,TRUE,FALSE,CRITICAL STATE,1547646568965
241,0.892548,0.474104,FALSE,TRUE,TRUE,FALSE,CRITICAL STATE,1547646569966
242,0.892548,0.474104,FALSE,TRUE,TRUE,FALSE,CRITICAL STATE,1547646570965
243,0.892548,0.474104,FALSE,TRUE,TRUE,FALSE,CRITICAL STATE,1547646571957
244,0.892548,0.474104,FALSE,TRUE,TRUE,FALSE,CRITICAL STATE,1547646572974
245,0.892548,0.474104,FALSE,TRUE,TRUE,FALSE,CRITICAL STATE,1547646573979
246,0.892548,0.474104,FALSE,TRUE,TRUE,FALSE,NORMAL STATE,1547646574977
247,0.892548,0.474104,FALSE,TRUE,TRUE,FALSE,NORMAL STATE,1547646575973
248,0.892548,0.474104,FALSE,TRUE,TRUE,FALSE,NORMAL STATE,1547646576965
249,0.892548,0.474104,FALSE,TRUE,TRUE,FALSE,NORMAL STATE,1547646577958
250,0.892548,0.474104,FALSE,TRUE,TRUE,FALSE,NORMAL STATE,1547646578964
251,0.892548,0.474104,FALSE,TRUE,TRUE,FALSE,NORMAL STATE,1547646579974
252,0.892548,0.474104,FALSE,TRUE,TRUE,FALSE,NORMAL STATE,1547646580973
253,0.892548,0.474104,FALSE,TRUE,TRUE,FALSE,NORMAL STATE,1547646581972
254,0.892548,0.474104,FALSE,TRUE,TRUE,FALSE,NORMAL STATE,1547646582978
255,0.892548,0.474104,FALSE,TRUE,TRUE,FALSE,NORMAL STATE,1547646583979
256,0.892548,0.474104,FALSE,TRUE,TRUE,FALSE,NORMAL STATE,1547646584983
257,0.892548,0.474104,FALSE,TRUE,TRUE,FALSE,NORMAL STATE,1547646585975
258,0.892548,0.474104,FALSE,TRUE,TRUE,FALSE,NORMAL STATE,1547646586966
259,0.892548,0.474104,FALSE,TRUE,TRUE,FALSE,NORMAL STATE,1547646587973
260,0.892548,0.474104,FALSE,TRUE,TRUE,FALSE,NORMAL STATE,1547646588974
261,0.892548,0.474104,FALSE,TRUE,TRUE,FALSE,NORMAL STATE,1547646589973
262,0.892548,0.474104,FALSE,TRUE,TRUE,FALSE,NORMAL STATE,1547646590966
263,0.892548,0.474104,FALSE,TRUE,TRUE,FALSE,NORMAL STATE,1547646591962
264,0.892548,0.474104,FALSE,TRUE,TRUE,FALSE,NORMAL STATE,1547646592972
265,0.892548,0.474104,FALSE,TRUE,TRUE,FALSE,CRITICAL STATE,1547646593975
266,0.892548,0.474104,FALSE,TRUE,TRUE,FALSE,CRITICAL STATE,1547646594971
267,0.892548,0.474104,FALSE,TRUE,TRUE,FALSE,CRITICAL STATE,1547646595969
268,0.892548,0.474104,FALSE,TRUE,TRUE,FALSE,CRITICAL STATE,1547646596961
269,0.892548,0.474104,FALSE,TRUE,TRUE,FALSE,NORMAL STATE,1547646597946
270,0.892548,0.474104,FALSE,TRUE,TRUE,FALSE,NORMAL STATE,1547646598952
271,0.892548,0.474104,FALSE,TRUE,TRUE,FALSE,NORMAL STATE,1547646599962
272,0.892548,0.474104,FALSE,TRUE,TRUE,FALSE,NORMAL STATE,1547646600975
273,0.892548,0.474104,FALSE,TRUE,TRUE,FALSE,NORMAL STATE,1547646601974
274,0.892548,0.474104,FALSE,TRUE,TRUE,FALSE,NORMAL STATE,1547646602978
275,0.892548,0.474104,FALSE,TRUE,TRUE,FALSE,NORMAL STATE,1547646603980
276,0.892548,0.474104,FALSE,TRUE,TRUE,FALSE,NORMAL STATE,1547646604976
277,0.892548,0.474104,FALSE,TRUE,TRUE,FALSE,NORMAL STATE,1547646605976
278,0.892548,0.474104,FALSE,TRUE,TRUE,FALSE,NORMAL STATE,1547646606981
279,0.892548,0.474104,FALSE,TRUE,TRUE,FALSE,NORMAL STATE,1547646607976
280,0.892548,0.474104,FALSE,TRUE,TRUE,FALSE,NORMAL STATE,1547646608978
281,0.892548,0.474104,FALSE,TRUE,TRUE,FALSE,NORMAL STATE,1547646609976
282,0.892548,0.474104,FALSE,TRUE,TRUE,FALSE,NORMAL STATE,1547646610982
283,0.892548,0.474104,FALSE,TRUE,TRUE,FALSE,NORMAL STATE,1547646611971
284,0.892548,0.474104,FALSE,TRUE,TRUE,FALSE,CRITICAL STATE,1547646612964
285,0.892548,0.474104,FALSE,TRUE,TRUE,FALSE,CRITICAL STATE,1547646613968
286,0.892548,0.474104,FALSE,TRUE,TRUE,FALSE,CRITICAL STATE,1547646614969
287,0.892548,0.474104,FALSE,TRUE,TRUE,FALSE,CRITICAL STATE,1547646615977
288,0.892548,0.474104,FALSE,TRUE,TRUE,FALSE,CRITICAL STATE,1547646616983
289,0.892548,0.474104,FALSE,TRUE,TRUE,FALSE,CRITICAL STATE,1547646617968
290,0.892548,0.474104,FALSE,TRUE,TRUE,FALSE,CRITICAL STATE,1547646618975
291,0.892548,0.474104,FALSE,TRUE,TRUE,FALSE,CRITICAL STATE,1547646620969
292,0.892548,0.474104,FALSE,TRUE,TRUE,FALSE,CRITICAL STATE,1547646621966
293,0.892548,0.474104,FALSE,TRUE,TRUE,FALSE,CRITICAL STATE,1547646622056
294,0.892548,0.474104,FALSE,TRUE,TRUE,FALSE,CRITICAL STATE,1547646623068
295,0.892548,0.474104,FALSE,TRUE,TRUE,FALSE,CRITICAL STATE,1547646624077
296,0.892548,0.474104,FALSE,TRUE,TRUE,FALSE,CRITICAL STATE,1547646625070
297,0.892548,0.474104,FALSE,TRUE,TRUE,FALSE,CRITICAL STATE,1547646626064
298,0.892548,0.474104,FALSE,TRUE,TRUE,FALSE,CRITICAL STATE,1547646627065
299,0.892548,0.474104,FALSE,TRUE,TRUE,FALSE,CRITICAL STATE,1547646628073
300,0.892548,0.474104,FALSE,TRUE,TRUE,FALSE,CRITICAL STATE,1547646629065
301,0.892548,0.474104,FALSE,TRUE,TRUE,FALSE,CRITICAL STATE,1547646630064
